"FID","Area_Day_21","Area_Day_21_.MPH.","Area_Day_29","Area_Day_29_.MPH.","Area_Growth","Area_Growth_.MPH.","DTF","LTF","LTF_.MPH.","Perimeter_Day_21_.MPH.","Perimeter_Day_29","Perimeter_Day_29_.MPH.","Perimeter_Growth","Perimeter_Growth_.MPH.","Rosette_Diameter","Rosette_Diameter_.MPH.","Rosette_Dry_Mass_.MPH."
"C001",77.4803,0.4284,52.3031,1.586,25.8931,1.1399,3.6068,2.5302,0.09,-0.552,22.7895,0.0229,13.6037,0.2588,71.7505,11.3551,0.0612
"C002",70.0266,-7.3114,46.4819,-3.0652,22.5082,-1.8137,3.629,2.4674,0.0475,-2.2682,21.4655,-1.0156,12.1369,-1.0129,59.4798,-0.539,-0.395
"C003",86.4012,13.6674,56.1731,1.807,27.7321,0.6482,3.633,2.5296,0.05,3.2277,24.3252,0.4857,14.7474,-0.0974,77.0776,6.9741,0.1051
"C004",76.5179,2.1226,55.0911,2.3875,27.7554,1.4646,3.57,2.4538,7e-04,0.5121,24.1763,0.5058,15.5596,0.6633,78.9131,9.271,-0.1501
"C005",64.7584,-20.0654,48.1686,-2.7511,24.1447,-1.0297,3.6444,2.454,0.0064,-5.7478,22.1175,-1.0434,13.8413,-0.32,81.2139,17.7878,0.0885
"C006",77.6647,0.0212,50.8141,-0.5501,24.7966,-0.4162,3.6084,2.5028,0.1073,0.409,22.5496,-0.4975,12.9063,-0.9385,59.5453,-4.9028,-0.1133
"C007",81.8055,7.7784,52.7801,1.8399,25.8087,0.9622,3.6042,2.4631,0.0777,1.5899,23.1369,0.3803,13.6647,0.3765,58.6608,0.7878,-0.4581
"C009",78.1968,5.118,53.4787,1.2348,26.6036,0.6261,3.6124,2.436,0.0117,1.6165,24.25,0.5695,15.4811,0.5764,81.4113,-9.8222,-0.3582
"C010",72.5183,-0.0864,51.7644,1.8361,25.9252,1.2376,3.5838,2.4716,0.0842,-0.425,22.9767,0.5219,14.2606,0.8632,86.9112,24.7526,0.1589
"C011",78.5969,1.1714,54.5546,2.1527,27.3146,1.4024,3.5842,2.5655,0.1953,0.0848,23.9902,0.5641,15.246,0.8197,92.7878,25.4665,0.2433
"C012",78.7776,5.9866,51.6206,-0.7576,25.2544,-0.805,3.5872,2.4989,0.025,1.6658,23.8113,-0.0613,14.6612,-0.4418,78.5725,-5.1383,-0.4371
"C013",72.3685,-3.125,50.8434,-0.1022,25.3201,0.0686,3.5826,2.4327,0.1405,-1.0046,22.7002,-0.2762,13.8023,-0.2581,63.8814,-0.8369,-0.007
"C014",78.0523,14.7846,51.7903,3.0457,25.4323,1.3914,3.6294,2.6112,0.135,3.4028,23.6936,0.984,14.5553,0.6673,76.638,9.4195,0.2653
"C015",84.5233,11.2048,52.0944,-0.5213,24.9634,-0.9965,3.5902,2.4396,0.2151,2.2413,22.753,-0.4981,12.4136,-1.5001,50.2908,-10.1847,-0.3054
"C016",78.14,5.2696,51.6124,0.8658,25.3248,0.3704,3.621,2.5231,0.2003,0.916,23.2715,0.3601,13.991,0.3785,63.769,17.5067,0.4137
"C017",75.9202,6.8318,48.8037,0.1547,23.497,-0.2633,3.6194,2.5059,0.2992,0.7485,21.7528,-0.2778,11.8336,-0.603,52.6408,7.3396,0.3508
"C018",88.1416,24.8206,57.179,6.4884,28.3086,3.3785,3.554,2.4684,0.0607,6.2592,24.7455,2.3647,15.3077,2.323,59.7658,13.7482,-0.0391
"C020",88.1896,28.843,56.5225,8.2559,27.8032,4.4637,3.5834,2.5149,0.0167,6.5043,23.8482,2.7766,14.091,2.8558,47.6332,6.052,-0.1096
"C021",79.4041,2.5684,55.8379,2.2272,28.0944,1.3981,3.6064,2.526,0.0239,0.4907,23.1751,0.4747,14.0318,0.5675,75.4792,23.1231,0.5064
"C022",89.5751,35.9304,58.161,8.1474,28.8598,4.0383,3.6238,2.6076,0.1204,8.6355,24.53,2.6589,15.0362,2.2203,71.5198,14.3532,0.3584
"C023",95.2032,37.9934,59.7077,9.0988,29.3917,4.5665,3.543,2.4304,0.0125,9.9124,25.4669,3.5589,15.6752,3.211,78.9309,32.2302,0.3854
"C024",78.1133,13.7358,49.3259,1.0937,23.6056,-0.027,3.7074,2.605,0.0703,3.917,21.1533,0.3095,10.2899,-0.9706,19.578,-21.5212,-0.3692
"C025",87.0999,21.2624,53.45,3.2652,25.6464,1.1875,3.6832,2.6108,0.2029,5.4326,22.6984,1.0809,12.0493,0.1416,33.1531,-6.9726,0.0977
"C026",82.4637,14.234,57.7291,5.8264,29.1136,3.333,3.6242,2.6067,0.0684,3.6988,25.254,2.5933,16.6995,3.2126,90.0341,36.1604,0.6259
"C027",90.1147,27.7776,60.1829,8.1869,30.1924,4.4106,3.647,2.4743,-0.0094,6.519,24.9667,2.9031,15.9456,3.1739,54.1532,4.1877,0.5135
"C029",87.1942,32.1604,58.2651,9.0921,29.1378,4.8378,3.558,2.4683,0.0585,7.3386,24.7343,3.4186,15.7298,3.7129,81.2968,36.8856,0.5753
"C030",85.9865,18.6212,57.9909,5.8566,29.0135,3.1851,3.623,2.5906,0.1501,4.6637,24.6546,2.0274,15.4737,2.1352,64.306,17.7319,0.8296
"C031",91.8213,34.9692,61.1163,9.4934,30.6768,5.0051,3.5676,2.5639,0.0675,9.192,26.0692,3.3356,17.0447,3.3222,79.033,13.0696,0.4179
"C032",77.7961,10.6254,55.2018,5.0114,27.7951,2.9313,3.547,2.4725,0.1579,3.4424,23.7022,1.8649,14.7829,2.103,63.4876,16.5167,0.6509
"C033",85.8201,33.2154,58.0845,10.0952,29.1103,5.4572,3.631,2.5618,0.0632,7.707,25.4081,3.8376,16.7539,4.2463,90.1964,40.7254,0.7173
"C034",92.866,30.7852,57.4047,5.5443,27.8969,2.3246,3.5402,2.3998,0.1529,7.131,23.7677,1.6557,13.1257,0.5925,56.1572,13.4291,0.1707
"C035",73.4945,-0.6238,50.4528,0.707,24.967,0.5168,3.58,2.371,-0.1586,-0.8022,22.1786,0.2979,13.1105,0.68,49.1841,4.0949,-0.3125
"C053",81.3227,11.0084,55.7222,5.7604,27.8896,3.524,3.5982,2.6039,0.1413,2.5754,24.1503,2.5228,15.4249,3.4606,76.0302,33.3823,0.6343
"C055",74.3212,1.1034,49.1799,0.3615,23.7924,0.035,3.6808,2.5918,0.1169,-0.5805,22.3125,0.5847,13.1229,0.9933,48.5186,-8.1306,0.0209
"C056",75.4788,0.3516,50.3388,2.0455,24.6947,1.532,3.6592,2.5048,-0.0259,0.3486,22.5009,1.0436,13.3058,1.7105,67.4816,11.5227,0.489
"C057",79.8448,0.3802,54.9139,1.2766,27.4551,0.9358,3.6436,2.5892,0.0546,0.3486,23.8763,0.7901,14.9927,1.1683,78.9205,12.1866,0.4068
"C058",65.6302,-18.4964,48.5391,-1.6519,24.3226,-0.2872,3.5936,2.5134,0.0109,-4.9671,21.9449,-0.4626,13.6259,0.4851,76.334,16.2776,-0.0227
"C059",71.6389,-10.811,52.4182,0.3879,26.4099,0.7516,3.6738,2.629,0.0181,-2.3868,23.2094,0.2818,14.7454,1.0161,96.3607,25.8495,0.3849
"C060",79.6416,3.276,53.7184,3.507,26.6227,2.3407,3.6298,2.5722,0.1319,1.1696,23.1986,1.1953,13.9836,1.7157,80.0067,25.5033,0.3004
"C061",81.6746,18.0516,55.3893,6.1897,27.6315,3.5084,3.6016,2.5855,0.1432,4.382,24.3811,2.6797,15.6259,3.2489,81.9889,23.1999,0.4706
"C062",74.9011,-6.6192,49.6429,-2.518,24.2668,-1.3847,3.6294,2.6047,0.1318,-0.7727,21.9205,-1.0924,12.2062,-1.4924,66.9071,5.9552,0.422
"C063",67.3418,-21.5132,50.6855,-0.9877,25.571,0.2234,3.6104,2.5554,0.1302,-4.6805,22.5517,-0.1211,14.2753,0.8694,85.6481,21.6965,0.5381
"C064",76.7935,6.1546,54.2297,3.6886,27.2221,2.2936,3.6674,2.674,0.2317,1.1991,23.5236,1.0692,14.8673,1.4498,69.5617,2.657,0.9306
"C065",82.2846,6.5528,54.365,2.478,26.8628,1.4674,3.6132,2.6012,0.3218,1.3866,23.3187,0.821,13.9288,1.0354,66.8488,9.743,0.471
"C066",78.7967,6.4086,53.5681,3.5502,26.6405,2.2506,3.6252,2.5149,0.1372,1.2277,23.363,1.205,14.3532,1.7611,66.5943,23.7016,0.8804
"C067",76.4369,2.1914,52.4163,2.6439,26.0672,1.7938,3.6102,2.5072,-0.055,0.0043,22.6466,0.3802,13.5129,0.7223,70.3093,10.8423,0.064
"C068",78.9092,13.349,52.6191,3.8273,25.945,2.0107,3.6184,2.487,0.0447,1.9512,22.7932,1.4511,13.6042,1.8349,65.8842,23.6127,0.2979
"C069",65.1037,-13.231,44.8566,-2.2667,21.8537,-0.8776,3.6596,2.4535,-0.0569,-4.0763,20.5434,-0.6285,11.5585,0.1581,52.5914,-2.991,-0.2142
"C070",63.8504,-20.6142,43.5371,-5.9283,21.023,-3.194,3.6582,2.4861,0.0559,-5.1055,19.5902,-2.418,10.1225,-2.5069,67.6694,6.9674,0.1713
"C071",68.2949,-12.2498,47.1944,-1.847,23.1716,-0.6791,3.6868,2.6505,0.2304,-3.1236,20.825,-0.8928,11.458,-0.615,64.2842,10.1573,0.1727
"C072",76.2616,5.9276,53.1924,2.4331,26.5745,1.402,3.6112,2.5329,-0.0177,0.6563,23.6226,0.8616,14.8855,1.2334,71.9993,4.1244,-0.3859
"C074",70.1853,-3.912,49.6862,-0.659,24.7185,-0.2631,3.638,2.4603,0.0013,-1.1476,22.4313,-0.2104,13.6707,-0.0186,86.4353,-1.052,-0.0362
"C075",72.1479,6.1658,49.939,1.9094,24.734,1.0422,3.642,2.4832,0.0611,1.0215,22.1124,0.6964,13.0426,0.8605,84.1204,25.7078,0.2718
"C076",71.2117,-6.8306,48.8652,-2.1258,24.0636,-1.1565,3.6438,2.5212,0.0684,-1.9332,21.7987,-0.9288,12.4868,-1.0169,76.6616,16.0862,0.0413
"C077",75.8169,2.6044,49.9532,-0.5499,24.3695,-0.5468,3.6958,2.7397,0.3348,1.0367,22.3195,-0.0678,12.814,-0.3969,62.3636,-1.2116,0.6824
"C078",75.7567,8.6354,49.532,-0.5988,24.0699,-0.8293,3.6194,2.462,-0.04,2.3275,21.7108,-0.1689,11.7597,-0.9807,56.1348,-9.0265,0.0913
"C079",70.861,0.8532,48.8875,-0.1594,24.0966,-0.1591,3.616,2.4985,0.1716,-0.4606,21.7247,-0.2129,12.4885,-0.3566,76.0251,15.0529,0.2933
"C080",82.247,30.167,53.2451,6.3992,26.1041,3.0592,3.6788,2.6212,0.1103,7.0376,24.1759,2.5052,15.0356,2.3629,54.9168,-8.5555,0.3649
"C081",69.1359,-5.7454,47.1699,-1.6779,23.0223,-0.9363,3.6824,2.5522,0.1947,-3.127,21.4267,-0.4458,12.6198,0.2226,59.8765,17.3604,0.8459
"C082",77.0993,10.6838,51.8356,3.2332,25.5886,1.7466,3.6354,2.4183,-0.1236,2.1551,23.245,1.2641,14.0891,1.4934,79.9463,20.8558,-0.1038
"C083",77.4537,4.4758,49.4197,0.3977,23.7234,-0.0038,3.6056,2.4938,0.0181,1.4611,22.2478,0.0372,12.2148,-0.4009,58.2434,-1.0852,-0.2599
"C085",85.8254,25.9948,55.7757,7.2799,27.4893,3.9055,3.6336,2.5589,0.0208,6.5254,24.5399,2.6884,15.1766,2.7649,73.0299,14.0403,0.0311
"C086",79.658,9.328,51.8828,1.5477,25.366,0.7338,3.6966,2.729,0.0825,2.3081,23.2595,0.8878,13.9608,0.9606,78.5932,9.1489,0.1382
"C087",79.9149,17.641,51.9253,3.5802,25.3553,1.7367,3.645,2.6142,0.059,4.4381,22.9177,1.2168,13.3519,0.9051,86.7747,16.2971,0.2911
"C088",79.9642,18.4688,50.5384,3.9748,24.2893,1.8596,3.66,2.4957,-0.107,4.2453,22.1713,1.4977,12.1774,1.2859,58.8341,4.4239,-0.2311
"C089",91.9158,34.1692,58.0826,7.8484,28.5634,3.9857,3.644,2.5538,-0.0526,7.768,25.3422,2.8517,15.9909,2.8729,75.9731,8.7885,0.2349
"C090",85.9146,20.4084,55.266,4.9385,27.1663,2.5874,3.606,2.4673,-0.0845,4.5344,23.56,1.6666,14.0254,1.6227,70.4439,7.1675,-0.3427
"C092",82.8201,18.2908,54.9399,5.1199,27.2397,2.8528,3.6084,2.4355,-0.0793,5.1692,24.4824,2.1112,15.4614,2.3062,75.1848,-11.6122,-0.4071
"C093",72.959,4.7212,50.7289,3.2244,25.1931,2.096,3.6252,2.4711,-0.0068,0.9904,22.3691,1.2236,13.402,1.7541,82.2325,24.5103,0.4155
"C094",80.7379,9.3796,52.0085,2.0305,25.3246,1.0031,3.618,2.5947,0.134,1.9932,22.9232,0.8064,13.4736,0.7969,80.8532,17.9683,0.4322
"C095",82.8873,19.8296,52.0709,2.4652,25.1577,0.8533,3.6234,2.4456,-0.1123,4.491,22.8933,1.284,13.1837,0.9774,56.9555,-7.5154,-0.0822
"C096",79.0285,10.4144,50.6213,0.6671,24.4672,-0.0016,3.6128,2.5117,-0.0528,3.4311,23.3057,0.7424,13.7961,0.4426,78.278,-0.9964,-0.2775
"C097",76.8563,9.7768,51.8558,3.3341,25.6194,1.9585,3.5982,2.4805,0.0978,1.2748,22.7271,1.06,13.7434,1.4325,67.7183,7.4364,0.1624
"C098",84.2255,31.0572,54.5076,8.1869,26.7525,4.3022,3.6756,2.6873,0.1207,7.1159,24.3181,2.9178,15.1154,2.9768,94.4334,31.6514,0.6758
"C099",79.8174,16.3032,53.4799,4.6341,26.4934,2.5909,3.6176,2.5324,0.0546,3.6221,23.5233,1.6248,14.5115,1.8232,88.6005,22.7626,0.4118
"C101",72.5781,-6.9858,51.3668,-1.1005,25.6577,-0.4303,3.6212,2.4452,-0.0692,-2.6546,22.2029,-0.5978,13.2308,-0.3987,65.0827,-1.2747,-0.2606
"C102",80.268,5.3272,53.1299,1.1878,26.2001,0.7067,3.6508,2.6127,0.0426,0.9549,23.0151,0.4848,13.6481,0.5528,64.3014,-1.3657,0.2116
"C103",73.1319,-9.4266,52.8481,-2.7757,26.5912,-1.4657,3.6098,2.5928,0.0453,-2.2725,22.8395,-1.1506,14.105,-1.2709,80.3971,4.4164,-0.1434
"C104",69.9137,-14.5322,51.9736,-1.8663,26.2343,-0.7062,3.6556,2.5725,0.0305,-3.801,22.9674,-0.513,14.5888,-0.052,85.4087,15.6441,0.4825
"C105",75.0384,-8.6148,54.6718,-1.0073,27.6311,-0.3578,3.6706,2.6717,0.0213,-2.3228,23.7488,-0.2517,15.2614,0.0321,79.2126,-1.0067,-0.1128
"C107",81.6702,2.5408,56.8609,1.5388,28.5992,0.921,3.6342,2.6606,0.1959,0.5003,24.2209,0.4753,15.4127,0.5069,82.3742,8.7143,0.2491
"C108",79.5097,4.371,55.2852,0.3354,27.7166,0.0555,3.6112,2.5709,0.0092,0.5173,23.231,-0.0071,14.2293,-0.206,75.9154,0.6694,0.2463
"C109",72.835,-10.6758,51.9715,-3.3268,26.0265,-1.7989,3.608,2.5552,-0.0132,-2.6455,23.5795,-0.6127,15.1606,-0.422,77.7217,-12.3277,-0.3873
"C110",79.43,12.7626,54.8294,3.1646,27.4357,1.6287,3.6828,2.6873,0.1167,2.9426,24.6268,1.5977,16.0623,1.6946,80.2922,6.7351,0.2259
"C111",67.4536,-17.1278,50.1372,-4.0527,25.2324,-2.0269,3.6426,2.4733,-0.0084,-5.0113,21.9267,-1.6007,13.5792,-1.3382,90.0573,13.4443,0.4245
"C112",62.3507,-31.0864,44.8875,-8.7793,22.1286,-4.592,3.6566,2.609,0.1918,-7.6401,19.8499,-3.3811,10.6576,-3.4345,37.0157,-15.5852,0.2312
"C113",61.0381,-27.7096,43.0096,-8.5596,20.9408,-4.5857,3.7022,2.6722,0.371,-6.8905,19.4219,-2.9284,10.1078,-2.8084,53.9252,2.2855,0.6176
"C114",75.6529,3.2878,55.3946,3.4463,28.0656,2.1624,3.5136,2.2891,-0.1864,1.2806,24.1929,1.6615,15.891,2.3752,70.0969,18.2022,0.042
"C115",83.1414,15.1952,56.8003,4.8253,28.4541,2.7278,3.577,2.5183,0.0103,4.0903,24.3776,1.4605,15.3261,1.4501,79.6902,13.4178,0.2161
"C116",72.2422,0.5644,51.4497,0.6448,25.7279,0.4329,3.6028,2.4832,-0.0046,-0.5323,22.2524,-0.3793,13.2328,-0.4482,77.8342,11.9383,-0.3095
"C117",73.7619,0.5368,52.5031,2.2233,26.3209,1.6207,3.5734,2.3968,-0.1468,0.4213,23.4642,1.1029,14.9037,1.7569,67.1989,1.9933,-0.4316
"C118",85.4533,24.769,56.8235,4.646,28.2757,2.1282,3.5646,2.4215,-0.0939,5.24,24.2143,0.9029,14.9432,0.2509,73.2478,3.9447,-0.1833
"C119",81.5747,10.7612,53.7426,1.5447,26.5059,0.6863,3.6054,2.5947,0.1414,3.073,22.855,-0.0521,13.005,-0.8144,71.4304,7.6803,-0.1009
"C120",75.4739,0.8036,54.9098,0.994,27.7485,0.6071,3.5698,2.4614,-0.1224,0.1966,24.3431,0.3927,15.9334,0.5348,82.1972,4.699,-0.1766
"C121",77.269,2.6356,54.828,0.8189,27.5851,0.4426,3.5598,2.4272,-0.102,1.0254,23.7878,0.4345,15.1545,0.4712,62.9576,-10.6323,-0.3091
"C123",73.5512,-0.7286,54.2934,0.7917,27.4771,0.5266,3.5884,2.5019,0.0097,-0.2663,24.0898,0.2588,15.8336,0.3978,102.9028,5.7923,0.0085
"C124",75.0854,-2.407,53.19,-0.4696,26.674,-0.2112,3.5768,2.5046,0.0664,-0.2029,23.4005,-0.1761,14.7114,-0.246,81.6041,8.4057,0.2593
"C125",62.7107,-22.7026,47.8809,-5.755,24.0937,-2.9387,3.5672,2.3715,-0.1703,-5.7598,22.0529,-1.9703,13.9373,-1.6968,72.7852,-16.8027,-0.4365
"C126",76.1714,14.4674,54.1902,4.1878,27.2496,2.2358,3.6356,2.5321,-0.012,3.6583,24.5565,1.6964,16.1791,1.7599,97.8875,24.792,0.4045
"C127",72.4946,-9.408,50.9947,-2.8787,25.3836,-1.5494,3.5294,2.1828,-0.1096,-2.0917,22.6971,-0.7045,13.947,-0.4979,53.1376,-13.215,-0.5235
"C128",65.1909,-16.3054,48.9657,-1.1987,24.6326,-0.1541,3.5908,2.4061,-0.0639,-4.7361,21.7272,-0.2946,13.4781,0.6974,53.2317,7.553,-0.2764
"C129",74.5553,6.5214,50.1855,1.1645,24.6854,0.5069,3.6378,2.5173,0.035,1.2646,22.6722,0.5502,13.5119,0.566,57.4468,-2.2331,-0.0203
"C130",70.2063,-8.7262,50.5804,-1.6524,25.3191,-0.7603,3.6738,2.5813,-0.037,-2.1607,23.0734,-0.2484,14.6216,0.0758,88.2348,14.693,0.0497
"C131",81.5212,21.7028,56.2954,6.0526,28.2497,3.1839,3.5992,2.6079,0.0808,5.2953,24.4551,1.8041,15.6091,1.6167,90.5108,15.9357,0.1789
"C132",84.2946,18.0564,54.8808,4.0428,27.0259,1.9564,3.6194,2.5344,0.0765,4.3355,24.4483,1.7604,15.3487,1.7079,70.288,6.1788,0.4886
"C133",80.0013,11.1892,55.7681,3.6362,28.01,1.9851,3.6228,2.5821,0.0038,2.808,24.6044,1.1638,15.8379,1.1743,79.1262,7.844,0.1617
"C134",71.8117,-6.9484,51.8729,-0.3523,26.0513,0.0252,3.666,2.5832,0.0595,-1.1779,22.9659,0.1223,14.3468,0.3985,79.9348,12.5608,0.4501
"C136",85.6038,24.7074,59.0808,7.363,29.7632,3.9292,3.5956,2.5135,0.0268,6.5798,26.0648,2.7434,17.5554,2.8547,95.3814,4.4868,0.0577
"C137",80.2706,20.1936,56.1765,6.7744,28.2554,3.7111,3.5866,2.5863,0.1365,5.8081,24.6722,2.5766,15.8939,2.7004,89.4476,27.6279,0.6148
"C138",82.7474,14.2478,56.1036,4.2278,28.0418,2.2731,3.588,2.5854,0.1528,4.0528,24.73,1.6631,15.9481,1.7258,94.6523,27.67,0.5557
"C139",75.0238,13.503,53.6145,5.396,26.95,3.0526,3.6574,2.6472,0.1087,2.9513,24.2638,1.9133,15.8654,2.1813,94.1933,27.3138,0.5547
"C140",69.7174,-3.0476,51.3752,0.6316,25.8685,0.5188,3.6464,2.5344,0.0847,-0.902,22.866,0.0173,14.4313,0.1974,97.8745,27.9391,0.7322
"C141",78.9409,4.8152,53.6322,1.5426,26.6636,0.8471,3.5698,2.4038,0.117,1.2859,23.3781,0.4862,14.2126,0.5028,66.2761,6.1395,-0.3091
"C142",69.5963,-6.54,50.2511,0.2761,25.1485,0.4541,3.6338,2.5117,-0.0579,-2.0554,22.5395,-0.121,13.8751,0.2681,66.1688,3.6711,0.0078
"C143",78.5058,3.0972,53.8423,1.0833,26.8242,0.6015,3.6562,2.4889,-0.0671,0.4015,24.0874,0.4065,15.2915,0.5418,80.3368,6.456,-0.0059
"C144",75.676,0.3328,55.0208,3.0171,27.7959,1.9608,3.642,2.4687,-0.1097,-0.3644,23.5762,1.0343,15.0539,1.6847,48.8324,-7.3009,-0.4821
"C146",72.7924,-1.3364,49.3635,-1.4968,24.273,-0.954,3.7228,2.8074,0.2168,-0.8829,22.794,0.1518,14.0748,0.5404,73.9849,3.8503,0.5343
"C147",77.3231,4.1766,55.8856,1.8689,28.2559,1.0601,3.6326,2.5041,-0.1197,1.2467,24.8211,0.9896,16.5006,1.2198,98.9072,19.1493,0.2071
"C148",75.9211,6.1706,54.9827,2.9006,27.7757,1.6615,3.6392,2.566,-0.0695,1.2576,24.4914,1.3202,16.2978,1.7169,104.5792,19.5493,0.088
"C149",84.4416,14.0184,56.0032,3.326,27.8225,1.7046,3.6456,2.4415,-0.1248,3.2335,24.6471,1.4391,15.7804,1.5511,101.8202,27.2563,0.1535
"C151",81.379,11.926,57.227,3.67,28.8584,1.976,3.6398,2.4854,-0.1097,3.3215,25.5087,1.6672,17.1681,1.8789,124.5259,23.1767,-0.07
"C152",86.6638,17.7486,56.4954,2.7804,27.9332,1.1161,3.6648,2.5902,0.0492,3.7183,24.934,1.347,16.0796,1.2689,87.1828,9.7457,0.3661
"C153",62.9467,-23.5344,46.4317,-6.911,23.1315,-3.6684,3.7084,2.7746,0.1365,-5.2383,21.2929,-1.7867,12.8321,-1.5082,70.9389,-8.0843,0.155
"C154",85.38,29.8834,59.6463,9.5885,30.1407,5.1949,3.6948,2.7957,0.1488,7.6379,26.7484,3.8779,18.6559,4.3833,91.3769,14.0426,0.3441
"C155",85.0958,24.0766,55.8911,5.1221,27.699,2.4898,3.6242,2.5902,0.1255,5.794,24.4986,1.4884,15.2331,1.0367,78.6055,3.6914,0.1814
"C156",88.7064,31.1234,59.2849,9.2446,29.6911,5.0465,3.6118,2.6407,0.121,7.2737,25.2277,2.9709,16.2642,3.0882,104.5807,33.0363,0.5637
"C157",71.9337,4.7454,49.2299,0.3596,24.2635,0.0501,3.6618,2.5683,0.0689,0.9337,21.838,-0.1333,12.608,-0.3731,72.2088,1.0409,-0.021
"C158",85.8589,20.8256,59.1395,5.4504,29.7864,2.8111,3.6218,2.5749,0.0158,4.9639,25.0087,1.679,16.1378,1.4618,85.9485,4.6958,0.1088
"C159",74.3458,6.021,54.1505,2.1238,27.3306,1.1483,3.6304,2.5145,-0.0181,1.7039,24.005,0.8443,15.5898,0.8623,92.3427,11.5516,0.6153
"C160",66.7606,-13.5444,49.3563,-1.3309,24.7375,-0.3668,3.6328,2.4684,-0.0067,-3.4838,21.9727,-0.5645,13.6072,-0.0687,80.3543,4.7572,0.1517
"C161",77.4392,6.874,51.0288,-1.184,24.9938,-1.1136,3.6528,2.6127,0.1151,2.0165,22.8974,-0.3591,13.4918,-1.0584,78.9373,3.4666,0.1067
"C162",88.7733,29.767,59.379,7.654,29.7511,3.9475,3.5974,2.6084,0.1587,7.877,26.0923,3.176,17.4368,3.1793,105.9246,27.4543,0.5456
"C163",76.991,12.3534,54.0343,2.6816,27.0863,1.2999,3.6094,2.5597,0.0128,3.3111,23.2779,0.8691,14.3464,0.5595,74.0063,-6.0502,-0.0552
"C164",73.8181,4.3104,51.7397,0.0384,25.803,-0.1477,3.6426,2.537,-0.0165,1.0736,23.647,0.2842,15.12,0.1858,92.0176,-2.8424,0.1179
"C165",85.7965,31.9736,57.169,6.9003,28.4902,3.3473,3.5402,2.4667,0.0949,7.8554,25.0103,2.5437,16.0497,2.1581,95.3523,19.4849,0.1093
"C166",76.9463,20.8152,55.1377,7.0699,27.817,3.8847,3.6704,2.6742,0.1184,5.2575,24.8087,2.6089,16.6942,2.9749,104.8642,26.4967,0.8411
"C167",72.9167,3.0658,51.8865,1.8168,25.9786,1.1327,3.6466,2.6381,0.2358,0.1612,22.8899,0.4883,14.238,0.7943,80.9802,23.5688,0.9043
"C168",86.2335,35.7012,54.0929,6.1208,26.283,2.6312,3.6376,2.5636,0.2773,8.2861,23.2891,1.7682,13.0288,0.7609,80.3491,23.8988,1.0975
"C169",53.9806,-34.304,41.6472,-8.1771,20.6936,-4.0356,3.6714,2.5777,-0.0091,-9.5363,19.1069,-3.403,10.8998,-2.7425,74.5392,0.5535,0.196
"C170",81.9838,8.485,52.8144,2.179,25.8032,1.1549,3.5986,2.4363,-0.0142,2.0995,22.9281,0.6344,13.2901,0.4657,67.5269,6.4484,0.0698
"C171",77.9051,4.4282,50.533,1.5928,24.555,0.9328,3.6208,2.4387,-0.0473,1.3348,22.5126,0.7749,13.1039,1.0087,81.1376,21.126,0.139
"C172",87.2546,14.4238,60.4369,6.1526,30.5554,3.5764,3.5876,2.537,0.047,3.0861,25.808,2.4414,17.4385,3.1141,91.6786,20.8919,0.1621
"C173",81.727,11.5904,56.596,3.9741,28.4273,2.2414,3.5358,2.363,-0.1004,3.4618,24.2815,1.084,15.3591,0.9832,87.3843,17.0592,-0.0018
"C174",76.3132,6.2902,50.2376,1.3318,24.5067,0.5914,3.68,2.5618,0.0393,2.585,21.7831,0.2732,11.771,-0.3496,51.5292,-8.0005,-0.1757
"C175",82.5511,8.319,51.0631,0.2047,24.3703,-0.3713,3.6644,2.534,0.1382,1.6725,22.6622,0.3786,12.9543,0.1864,72.4933,13.9371,0.7834
"C176",77.3952,-1.5072,54.2159,1.5463,27.1658,1.1013,3.6446,2.4133,-0.0583,0.1207,23.5504,0.8206,14.8501,1.2183,61.9873,-6.4087,0.2762
"C178",77.5603,9.047,50.9115,1.065,24.8945,0.3118,3.5938,2.4528,0.0551,2.8396,22.2074,0.2256,12.3549,-0.5221,73.7935,10.9518,0.1129
"C179",85.1574,19.493,54.334,2.3862,26.5799,0.7898,3.5768,2.4848,0.0071,5.6525,23.5462,1.1005,13.798,0.3627,66.6126,-2.9779,-0.0254
"C180",85.2123,21.6122,58.8448,7.9809,29.6086,4.462,3.5308,2.3472,0.0446,4.8931,25.2025,2.699,16.5588,3.0189,79.4807,14.0792,0.3327
"C181",80.9441,19.6178,52.776,4.1132,25.894,1.9581,3.6008,2.5391,0.0526,4.6005,23.6198,1.3832,14.4261,1.0585,81.5012,13.5996,0.2317
"C182",80.3177,1.8432,54.6054,2.0715,27.1916,1.3366,3.5528,2.281,0.0462,0.4867,23.4378,0.6597,14.3403,0.947,59.0722,-2.0864,-0.1535
"C183",79.8092,7.6576,54.5759,3.9111,27.2335,2.3839,3.5528,2.3902,0.0571,1.5674,24.0749,1.6365,15.3117,2.2196,76.7616,29.8162,0.5318
"C184",70.2576,-4.8706,49.0264,0.0389,24.2708,0.2506,3.6804,2.6004,0.0882,-1.3387,21.7546,-0.2283,12.6494,0.0084,45.1152,-13.7314,-0.3164
"C186",82.9588,20.3574,56.2365,7.9777,28.0972,4.6415,3.6682,2.6612,0.0941,4.5804,24.5729,3.3434,15.9072,4.2866,74.7127,19.2357,0.4267
"C187",70.3039,2.215,47.0102,-0.0786,22.8258,-0.1986,3.7238,2.8171,0.2702,-0.4031,20.7558,-0.1882,11.2881,-0.1376,42.8615,-12.2389,0.539
"C188",85.2596,20.3562,56.3999,4.4923,27.9829,2.1966,3.6434,2.5044,-0.1022,4.247,24.3219,2.0194,15.2592,2.1386,73.6649,8.4797,-0.112
"C189",80.9635,19.9858,52.3883,2.1431,25.5979,0.6046,3.5924,2.4213,-0.1587,5.1057,22.6141,0.4807,12.6641,-0.5081,63.5109,-1.2127,-0.3592
"C190",78.5931,16.5758,53.6987,5.2374,26.7358,2.859,3.6342,2.4811,-0.0934,3.6057,23.6109,1.9872,14.7221,2.2851,73.2986,14.7909,-0.2325
"C191",70.7425,-3.4572,47.7923,-2.5083,23.3559,-1.5693,3.74,2.883,0.2001,-1.6214,21.5128,-0.631,12.5168,-0.5087,53.451,-15.5114,0.0879
"C192",75.6815,14.2198,50.1768,1.8662,24.5319,0.6203,3.6742,2.626,0.0343,3.8141,22.5861,1.113,13.3665,0.8943,56.9121,-13.0836,-0.1597
"C193",74.1202,3.6236,51.7848,1.5852,25.816,0.9453,3.6968,2.6403,-0.0026,0.7141,22.6895,0.4268,13.7211,0.5777,59.6274,-7.0753,-0.1292
"C195",77.0677,17.9842,50.7038,3.2339,24.8063,1.4162,3.6912,2.7324,0.218,3.8158,22.0099,1.0923,12.4659,0.7926,59.9768,2.7365,0.4119
"C196",85.7505,24.4506,54.3851,4.4416,26.5229,1.9083,3.6596,2.5631,0.0659,5.8373,23.5433,1.6543,13.8144,1.1123,66.4208,4.0179,0.4958
"C197",76.4399,13.9898,53.2059,4.7186,26.5593,2.6054,3.6316,2.5493,0.1301,2.5408,23.0695,1.6302,14.241,1.9048,79.9537,20.1538,0.2702
"C198",72.8242,7.3624,53.266,4.4546,26.8751,2.6796,3.712,2.809,0.2948,1.264,23.0368,1.3661,14.5472,1.8335,62.5673,-2.7887,0.8059
"C200",78.286,4.6654,49.2084,0.6921,23.5404,0.2844,3.6438,2.4671,-0.0088,1.5679,21.532,0.0847,11.195,-0.3438,52.9651,-0.4715,-0.2438
"C201",90.3192,20.0284,59.4709,5.6106,29.7035,3.0909,3.635,2.5186,0.0387,4.3594,24.835,1.7589,15.591,1.8231,96.4476,32.236,0.1837
"C202",90.5352,30.013,57.2567,6.8427,27.9688,3.2657,3.6558,2.5566,0.1088,8.1156,24.6318,2.2344,14.8002,1.7159,64.1615,6.6274,0.6308
"C203",75.316,-4.7574,50.2198,-2.0334,24.5974,-1.1541,3.681,2.6974,0.1413,-0.0715,22.3347,-0.5828,12.7937,-0.8791,66.5191,-1.4697,-0.1632
"C204",80.6792,13.7684,51.1264,0.8632,24.7036,-0.0343,3.6518,2.5845,0.1195,3.5095,22.7551,0.5083,13.1283,0.0089,55.3194,-13.7027,-0.29
"C205",77.9722,9.0836,50.0545,1.5728,24.2088,0.6598,3.6692,2.5465,0.0341,2.5039,21.5847,0.3653,11.3743,-0.1898,46.73,-6.2247,-0.3601
"C206",87.9097,20.7556,56.8176,4.6653,28.04,2.343,3.6236,2.5793,0.0632,4.8203,24.3401,1.3037,14.7639,0.9734,77.944,12.2148,-0.116
"C207",87.5201,22.2896,58.8469,7.1087,29.486,3.9798,3.6418,2.4346,0.0101,4.8832,24.762,1.8449,15.7542,1.9265,82.5143,-2.8272,0.2405
"C208",71.2066,-4.1848,48.4713,-0.9513,23.8014,-0.415,3.6404,2.5005,0.1129,-0.9003,21.0023,-0.689,11.5045,-0.8159,71.1979,14.9311,0.3955
"C209",83.7302,14.4168,52.9751,1.1027,25.7289,0.1408,3.6452,2.5669,0.0927,4.318,23.7839,0.6747,14.1425,0.1165,72.9157,-4.9033,0.0892
"C210",84.5729,20.413,57.081,6.317,28.4721,3.4503,3.6038,2.5459,0.1584,4.7029,24.0761,1.6317,14.8475,1.4867,73.3772,8.9948,0.3535
"C212",78.6037,3.6188,54.6357,1.9776,27.3665,1.1982,3.6322,2.5315,0.0156,-0.0311,24.2403,0.4406,15.5575,0.69,79.8502,8.229,-0.0825
"C214",83.6098,13.4566,56.5467,4.6174,28.2644,2.6606,3.6078,2.6141,0.0433,3.5259,24.6486,1.6022,15.6611,1.814,82.3896,14.1381,0.0997
"C215",94.5591,30.7522,61.9824,6.4042,31.0443,3.1098,3.6612,2.5647,-0.0456,7.2389,26.0438,1.9245,16.7692,1.4221,68.3629,-9.5968,0.1587
"C216",76.8914,0.6376,55.8128,1.8417,28.2268,1.1535,3.606,2.6069,-0.0797,-0.1474,24.8489,0.8881,16.5729,1.3209,101.5209,19.784,-0.2521
"C217",78.7758,12.2056,55.7788,3.7976,28.0933,2.0336,3.6624,2.6225,0.0271,2.8615,24.7857,1.4957,16.3193,1.6206,95.0988,12.3286,0.6841
"C218",82.0128,9.4864,56.7431,4.1669,28.4954,2.432,3.6278,2.5464,0.0202,1.5544,24.5959,1.2691,15.9422,1.5951,89.1674,16.8632,0.2058
"C219",82.3062,10.0342,54.9039,0.9404,27.2324,0.2124,3.7162,2.7268,0.1349,2.5715,23.8196,0.3371,14.5907,-0.0638,61.0525,-14.5165,0.1375
"C221",78.6057,12.8574,55.2651,4.1246,27.7801,2.2419,3.5918,2.6313,0.1132,3.3707,24.3812,1.6467,15.6827,1.783,87.8662,17.8514,0.4453
"C222",80.0166,4.7798,55.5389,1.9248,27.8571,1.0944,3.6262,2.569,0.0681,1.1825,24.4005,0.6946,15.6794,0.7509,85.4622,10.2848,0.3651
"C223",75.6643,4.2356,55.595,3.4372,28.1658,2.0637,3.5342,2.3633,-0.0596,-0.0211,24.5744,1.3183,16.5145,1.9518,87.8511,15.2766,-0.0101
"C224",84.1983,27.8456,56.9699,7.0131,28.4924,3.6011,3.7182,2.8755,0.2687,5.9582,25.5141,2.5247,16.9147,2.5243,81.749,6.6744,0.5785
"C225",83.5874,20.686,58.1531,5.6711,29.3158,2.9722,3.6416,2.4732,-0.0448,4.4521,25.416,1.9284,16.9721,2.032,88.8703,10.7398,0.4083
"C226",67.7881,-14.1628,50.6219,-1.0915,25.5139,-0.1745,3.6684,2.6362,-0.0017,-4.4524,22.5309,-0.7686,14.2125,-0.1009,90.7295,20.0368,0.24
"C227",77.5254,-0.2962,52.4963,-0.2551,26.0139,-0.1556,3.6564,2.5055,0.0442,-0.3977,23.0693,-0.1334,14.0339,-0.1184,62.5286,-5.1844,-0.0636
"C228",88.953,22.3844,58.2567,6.2341,28.9896,3.3847,3.647,2.4684,-0.0479,5.1822,25.0248,2.5754,16.1037,2.9718,96.4806,32.1374,0.7218
"C229",79.3308,10.3076,53.5172,2.6646,26.5367,1.3631,3.69,2.663,0.167,2.382,23.1503,0.9865,13.9071,0.9702,60.0319,-3.9348,0.4851
"C230",64.157,-31.8104,47.3339,-8.3376,23.643,-4.2926,3.6498,2.421,-0.1347,-7.9058,20.9941,-2.5281,12.5252,-2.1067,58.2377,-15.8137,-0.3667
"C231",75.3645,-4.1746,53.6516,-0.4128,26.9544,-0.12,3.6744,2.6452,0.0131,-0.8249,23.47,0.1063,14.8998,0.363,62.425,-15.4037,0.0271
"C232",83.2544,19.4044,56.5316,4.4572,28.2925,2.2317,3.6228,2.5616,0.0207,5.2797,24.0429,1.35,14.9661,0.9827,76.7251,-2.1368,0.0556
"C233",74.4516,2.528,50.6721,0.3791,24.9834,0.1115,3.7108,2.6313,0.0431,0.7491,21.7596,0.094,12.3879,-0.0402,39.0796,-23.7149,-0.1168
"C234",88.8545,20.887,57.5327,5.2871,28.4811,2.7829,3.6222,2.5408,0.0793,5.1499,24.294,1.8547,14.8367,1.7614,70.9174,9.0965,-0.0983
"C236",79.5152,6.7656,55.4698,1.9204,27.8529,1.0238,3.5972,2.4756,-0.0248,2.3528,24.5228,1.1596,16.0183,1.3266,87.0019,-8.1795,-0.1842
"C237",79.7978,8.735,55.7633,2.4283,28.0117,1.2651,3.6466,2.479,-0.0645,2.1827,23.4178,0.8164,14.4889,0.7461,74.377,1.5217,0.3569
"C238",78.5577,8.8682,54.6703,2.0951,27.3931,1.0484,3.6382,2.5767,0.1133,2.1027,23.3456,0.4551,14.4546,0.2297,93.0303,18.808,0.5581
"C239",77.8914,-3.0484,48.689,-5.2322,23.1235,-3.688,3.6242,2.3507,0.0501,-0.3437,20.5287,-2.4051,8.8842,-4.8166,29.4577,-34.9657,-0.3929
"C240",79.6675,13.337,54.2761,4.3216,27.0377,2.4257,3.692,2.6569,0.3741,2.5852,23.1743,1.4609,14.078,1.8543,65.6565,16.4074,1.0676
"C241",79.236,6.9746,55.7474,3.9408,28.0509,2.3614,3.6214,2.5462,-0.0371,1.3736,23.5274,0.825,14.5898,0.9917,71.7482,4.9637,-0.1571
"C253",87.2607,26.141,58.292,6.8034,29.1348,3.545,3.5414,2.3553,-0.0915,6.2267,24.5926,2.0512,15.4009,1.8768,61.759,-11.727,-0.286
"C254",89.6132,27.7764,59.9017,8.3865,30.0252,4.6123,3.557,2.4956,0.0164,6.9543,26.0972,3.1701,17.4723,3.588,99.6371,11.7733,-0.091
"C255",71.5742,-12.9044,48.9761,-6.188,24.0928,-3.6508,3.6582,2.5289,0.0101,-1.3216,22.727,-1.2731,13.6302,-1.754,54.3511,-43.221,-0.9964
"C256",78.2568,13.4806,55.8556,4.2885,28.1868,2.3179,3.577,2.4676,-0.0363,3.8569,24.7094,1.5387,16.2752,1.5393,108.3812,5.9987,-0.0871
"C257",80.3417,8.4574,55.0929,2.9307,27.5396,1.6671,3.534,2.25,-0.1846,2.1285,23.7818,0.5743,14.8349,0.4506,78.2556,-13.6609,-0.5314
"C258",82.7077,23.1118,54.9353,5.1497,27.1208,2.4409,3.648,2.4915,-0.0598,5.9221,24.6091,2.4657,15.6172,2.4367,76.0606,-10.2545,-0.3008
"C259",79.4019,8.2972,54.8775,1.4214,27.474,0.646,3.5962,2.5214,-0.0335,1.7935,24.5761,0.6158,16.0213,0.6143,95.3742,-3.7153,-0.5757
"C260",69.9305,-2.18,51.1671,0.4407,25.7231,0.3758,3.5514,2.3071,-0.1194,-0.6559,22.9525,0.3372,14.568,0.6311,78.8501,-10.777,-0.4575
"C261",81.275,15.761,57.3851,4.5575,28.9685,2.4139,3.5762,2.4969,-0.0095,3.8824,24.7211,1.642,16.1969,1.7017,90.7287,-5.6472,-0.1465
"C262",75.0833,1.68,54.384,1.2078,27.4444,0.7254,3.602,2.5564,0.0433,0.3596,25.1805,1.1474,17.214,1.5716,105.7493,-5.4301,-0.0517
"C263",81.8837,19.5918,56.7928,4.725,28.5446,2.3919,3.5598,2.4426,0.0162,4.8873,25.1054,1.7371,16.609,1.6316,84.1751,-13.5677,-0.1058
"C264",78.1391,1.5184,54.8294,1.4157,27.5313,0.9117,3.491,1.9926,-0.271,0.1537,24.053,0.6414,15.4867,1.0335,73.3667,-14.5772,-0.8854
"C265",89.7593,37.5922,56.2696,6.8225,27.4774,3.0574,3.6406,2.5913,0.3454,8.9576,24.4812,2.29,14.6141,1.638,83.5706,10.8009,0.7483
"C267",81.9059,13.9116,56.5016,3.6531,28.3629,1.9091,3.6044,2.5624,0.0806,3.1762,24.2588,1.4845,15.4415,1.5645,89.9256,21.4284,0.2829
"C268",72.9143,4.15,52.8389,1.6528,26.5859,0.9252,3.5566,2.4338,-0.0215,1.1653,23.4993,0.894,15.019,1.0904,83.5016,15.4659,0.0338
"C269",82.4617,20.2438,55.8738,4.6324,27.8847,2.292,3.6286,2.5247,-0.0335,5.431,24.6768,2.061,15.7492,1.9673,99.7126,27.4382,0.2858
"C270",75.6748,14.4692,53.0072,3.7558,26.5106,1.9316,3.6236,2.5395,0.0726,3.7098,23.6736,1.7287,15.0333,1.8046,98.4142,25.1064,0.6147
"C271",63.1093,-19.8938,41.5189,-9.7148,19.5191,-6.0202,3.5868,2.3074,-0.1561,-6.0458,17.5845,-4.553,7.757,-5.4275,19.8677,-46.2389,-0.8759
"C272",84.0191,21.026,55.3629,3.9908,27.4345,1.8487,3.531,2.3651,-0.0551,5.9917,23.9689,1.2679,14.3522,0.6009,65.5531,2.8378,-0.2191
"C273",72.1308,1.9276,48.7268,-2.1337,23.8898,-1.5394,3.5494,2.2616,-0.2146,1.2429,22.105,-0.7024,12.7597,-1.3755,53.8728,-28.2317,-0.7513
"C274",76.4633,14.2994,53.7043,4.2762,26.9022,2.2808,3.5144,2.2999,0.0055,3.5321,23.2969,1.3857,14.3359,1.2433,60.353,-2.759,0.0847
"C275",77.9366,23.7878,52.0919,4.8648,25.6896,2.2789,3.5788,2.4722,-0.0062,6.7049,23.872,2.2277,14.8103,1.89,74.1449,8.5327,0.0216
"C276",84.5279,31.0326,59.4062,9.654,30.0462,5.1832,3.5456,2.4377,0.0482,7.3389,25.5552,3.4126,17.1079,3.6379,82.8586,14.1906,0.4218
"C277",83.5813,25.3868,55.5225,6.2935,27.5397,3.2154,3.5402,2.4051,0.0801,5.7313,23.8704,2.0242,14.4563,1.8116,68.52,23.864,0.4357
"C278",74.24,12.7062,50.1446,3.0132,24.6689,1.5387,3.5382,2.2617,0.0527,2.1532,21.5231,0.5577,11.8572,0.3883,41.02,-2.6749,0.1977
"C279",73.0708,4.8682,50.0102,1.0267,24.6964,0.4887,3.6062,2.4097,-0.0997,0.8918,21.5978,-0.3567,12.0137,-0.8296,73.3685,12.1381,-0.1686
"C280",77.4514,-1.3442,52.6595,-0.2302,26.1196,-0.0963,3.628,2.5241,0.1061,0.1525,23.0282,-0.7381,13.3548,-1.3642,62.2329,-2.0887,0.058
"C282",76.2443,0.1678,50.0342,-0.4315,24.4129,-0.2125,3.6492,2.4317,-0.0768,0.0123,22.7392,0.2822,13.4777,0.5082,64.7016,4.8165,-0.0072
"C283",62.679,-35.6662,44.8332,-10.9766,22.0947,-5.8874,3.6504,2.3625,-0.15,-8.7877,20.4212,-3.6647,11.5874,-3.6112,40.2296,-30.4305,-0.6905
"C284",75.9099,-0.9826,52.7811,-1.3663,26.3354,-0.8536,3.5268,2.256,-0.23,-0.6635,23.2988,-0.6181,14.4628,-0.7874,79.7111,9.5125,-0.5452
"C285",82.824,14.1764,56.5698,4.2063,28.3173,2.2448,3.618,2.6067,0.1263,3.3618,25.3582,1.951,16.7513,2.2363,82.5184,18.5358,0.2982
"C286",81.2361,6.6686,53.4068,-0.796,26.3101,-0.8108,3.6568,2.5297,-0.0591,2.4008,24.0294,0.1021,14.7682,-0.3354,85.3757,10.9384,-0.0897
"C287",73.3551,-10.4872,49.4102,-3.3976,24.2266,-1.8844,3.6094,2.4041,-0.0243,-2.3909,22.0406,-1.2528,12.769,-1.4296,70.7189,5.7142,-0.0896
"C288",80.9046,14.5342,53.1084,2.6772,26.142,1.2236,3.7094,2.7401,0.1951,3.4701,22.9486,0.7194,13.2661,0.2712,47.726,-11.6772,0.2175
"C289",79.3584,0.9948,51.7708,-0.6131,25.3161,-0.4286,3.6638,2.5293,0.111,0.9527,22.7215,-0.2814,12.952,-0.69,69.6227,11.1931,0.3472
"C290",91.8199,28.1618,60.427,6.3252,30.1666,3.1001,3.624,2.5867,0.038,6.4441,26.1897,2.1437,17.1903,1.9689,85.792,13.6143,0.4769
"C291",84.2283,11.2202,56.0547,1.8596,27.8748,0.8071,3.572,2.5468,0.0527,2.9031,24.4646,1.0156,15.4275,0.9214,63.3594,-4.91,-0.2341
"C292",75.2714,-2.622,50.0966,-3.5911,24.5118,-2.3638,3.624,2.4787,0.0215,-0.3191,22.8185,-1.1084,13.6176,-1.6409,80.0682,-11.7219,-0.0509
"C293",78.0951,9.2924,51.7087,1.6159,25.3225,0.6639,3.4862,2.1195,-0.1201,1.7574,22.6066,0.3296,12.6393,-0.1511,38.9399,-6.9179,-0.2445
"C294",78.7805,4.4338,54.7931,3.1465,27.429,1.9045,3.5472,2.4221,0.0295,0.9958,23.1804,0.8934,14.1171,1.0714,53.3259,3.752,0.086
"C296",74.4735,-8.0258,50.9376,-1.3825,25.2057,-0.6015,3.5946,2.484,0.1034,-1.3872,22.3428,-0.6103,13.2292,-0.6766,81.7975,13.7931,0.3436
"C297",79.6654,1.8334,53.8198,1.9237,26.7258,1.2849,3.6114,2.4883,0.1179,0.4575,22.6247,-0.038,13.1871,-0.1622,59.2042,-2.2252,0.1356
"C298",88.6165,20.2212,58.4537,4.7464,29.1172,2.3534,3.582,2.5528,0.1064,4.4815,24.5694,1.4606,15.4396,1.2263,75.8473,4.5782,0.3122
"C300",84.9699,16.9996,58.312,5.1121,29.2864,2.7146,3.55,2.4341,0.0248,4.7536,25.7678,2.1811,17.2848,2.319,95.8438,1.0541,0.1561
"C301",77.0878,7.3878,54.4989,3.6146,27.3872,2.1052,3.5474,2.4233,0.0509,2.0936,23.8217,1.4609,15.1589,1.7005,85.2933,19.5784,0.2715
"C302",75.9965,-5.9188,51.7066,-2.139,25.609,-1.2014,3.5314,2.3348,-0.0683,-0.8586,22.5312,-1.1412,13.1317,-1.6483,51.1702,-16.7076,-0.4738
"C303",90.2902,29.0446,58.0958,5.1102,28.7295,2.2402,3.6032,2.5443,0.0919,7.6075,24.6772,1.8525,15.0536,1.0368,72.6711,0.2074,0.3399
"C304",79.1905,9.4586,55.6645,3.4388,27.9941,1.9067,3.5236,2.3354,-0.0369,2.5861,24.1398,1.0259,15.4616,0.9627,84.019,10.1883,0.1118
"C305",76.9194,7.1656,52.8305,3.2254,26.2812,1.9265,3.5024,2.1636,-0.0281,0.834,22.8854,0.9486,13.8678,1.3701,56.9425,8.085,0.183
"C306",78.1013,4.03,54.6008,3.1436,27.3715,1.9393,3.5802,2.374,-0.1182,1.2162,23.7845,0.8587,14.8978,1.0257,75.6547,9.2618,-0.2205
"C307",69.5134,-10.8446,51.7451,-0.2845,26.0987,0.2038,3.6046,2.4053,-0.062,-2.9197,22.9361,0.0175,14.5867,0.6309,74.9219,6.0145,-0.1372
"C308",76.7982,6.6202,54.6777,3.4034,27.5097,2.0024,3.5876,2.5593,0.0695,1.6901,22.8914,1.1119,13.8809,1.3057,74.0484,22.8884,0.5378
"C309",85.1873,20.3288,54.3717,3.0708,26.5819,1.2514,3.6038,2.5826,0.0603,5.1662,23.6112,1.4459,14.0586,1.1232,62.2499,-3.2879,0.0151
"C310",68.0546,-10.3176,50.7487,-2.5386,25.5636,-1.3044,3.582,2.4286,-0.1067,-1.4869,22.6265,-0.4426,14.1214,-0.3655,73.1133,-1.6712,-0.2688
"C311",72.838,0.5802,52.6586,1.1552,26.4905,0.739,3.5966,2.4589,-0.0708,-0.31,22.908,0.3485,14.3389,0.5871,79.3349,10.7664,0.2249
"C312",72.0898,3.2804,50.1248,0.5536,24.8128,0.2154,3.661,2.4714,-0.1229,1.3665,21.4753,0.0938,12.0092,-0.2224,58.7601,-5.2289,-0.0372
"C313",65.241,-20.8642,49.0098,-2.514,24.6547,-0.769,3.5816,2.4258,-0.0418,-4.6332,22.212,0.0568,14.0356,1.1568,67.4497,4.4342,-0.3624
"C314",75.4279,1.7536,54.2957,1.054,27.3713,0.6258,3.5734,2.5104,-0.0876,0.1372,23.9648,0.7665,15.5663,1.1083,83.8597,7.0962,-0.1185
"C316",68.0296,-4.5774,48.2195,-2.2925,23.9115,-1.3533,3.6068,2.5145,0.0449,-0.7061,21.1685,-0.6849,12.0424,-0.9456,85.6276,18.3265,0.3188
"C317",72.8379,-6.0846,49.2766,-4.1967,24.2079,-2.5852,3.596,2.5331,0.0329,-0.9354,22.3475,-0.8174,13.2587,-1.0509,67.6057,-1.8583,-0.2816
"C318",72.5855,-1.911,49.8462,-3.1156,24.6289,-2.0076,3.6038,2.4892,-0.0669,-0.1064,22.8718,-0.3994,14.0936,-0.5999,77.9888,-10.8644,-0.16
"C319",72.6474,-8.0606,49.5804,-3.619,24.4404,-2.0967,3.5674,2.3188,0.0122,-1.5485,21.7296,-0.9201,12.4408,-1.0635,53.3834,-12.2345,-0.3522
"C320",55.4204,-35.1808,42.601,-8.4839,21.189,-4.226,3.6366,2.3581,-0.2313,-9.4661,19.4137,-3.0047,11.1597,-2.2419,54.5967,-13.3824,-0.6623
"C321",69.8666,-12.01,48.5984,-3.051,24.0103,-1.4845,3.6562,2.6132,0.0843,-2.8543,22.2214,-0.8979,13.4702,-0.6124,90.8832,10.542,0.1422
"C322",72.6936,0.8116,48.5788,-1.9007,23.6873,-1.3762,3.619,2.5415,0.0329,0.3336,22.764,-0.0698,13.7407,-0.1469,74.4672,-5.4975,-0.33
"C323",79.7343,12.6754,52.7262,0.8742,25.9782,0.0622,3.5672,2.3973,-0.1391,2.1847,24.2055,0.692,15.4834,0.5844,85.9424,2.5705,-0.5265
"C324",72.6855,-5.754,51.6372,-2.0541,25.8114,-1.1529,3.6616,2.6094,-0.0353,-1.1561,23.6672,-0.3664,15.1815,-0.306,106.2646,12.4379,-0.0232
"C326",72.6382,2.6798,47.7881,-2.1317,23.1339,-1.6278,3.6908,2.6704,0.0695,0.8909,22.0752,-0.2604,12.8086,-0.5702,52.1907,-26.6018,-0.0777
"C327",74.8622,-1.0752,53.2526,-0.3378,26.7336,-0.1763,3.6312,2.5889,-0.0157,0.2029,24.2279,0.0755,15.7035,0.0983,96.8915,5.3246,0.0615
"C328",69.4716,-13.6148,50.9974,-2.6862,25.6489,-1.2621,3.678,2.7834,0.2333,-2.9607,22.9616,-0.5938,14.6426,-0.2474,74.6097,-13.049,0.2865
"C329",73.372,-6.7138,51.0923,-2.7296,25.4174,-1.5401,3.6194,2.5245,0.0177,-1.0135,23.6833,-0.4357,15.0892,-0.3675,92.9473,8.6799,-0.0011
"C330",77.3479,1.4624,53.028,-0.3062,26.3778,-0.2759,3.5794,2.4786,0.0196,1.3298,24.3111,0.5324,15.6742,0.5102,74.1579,-13.1092,0.1607
"C331",74.9203,11.3098,50.8279,1.151,25.0755,0.2931,3.685,2.685,0.12,2.655,24.1028,1.0405,15.5822,0.9563,98.182,11.0177,0.5005
"C332",76.0317,7.5946,52.754,0.552,26.3175,0.0828,3.56,2.4496,-0.0264,1.8848,23.9695,0.409,15.4206,0.245,90.8951,0.6749,-0.0816
"C333",74.3957,-6.2614,49.1209,-4.4271,23.9186,-2.7829,3.5784,2.4064,0.0932,-1.8777,22.4426,-1.1611,13.3634,-1.2881,63.0626,-17.3587,-0.2078
"C335",87.4037,26.7708,58.029,7.812,28.9562,4.2692,3.5574,2.4889,0.1417,5.9949,24.9439,2.7209,16.017,2.9769,83.8036,22.4549,0.4692
"C336",76.0773,-0.4848,52.8532,-1.0126,26.3567,-0.6609,3.6016,2.5399,0.1532,-0.5989,22.8663,-0.4296,13.8762,-0.6637,72.9909,1.934,0.1332
"C337",82.5894,20.7612,56.753,4.5496,28.4703,2.2457,3.5276,2.386,0.0259,5.133,24.5318,1.4049,15.6247,1.0332,70.8744,0.279,0.1887
"C338",78.2612,13.4358,54.6321,4.2126,27.3842,2.2761,3.5234,2.4121,0.0575,2.8273,23.7053,1.0881,14.8379,0.9815,67.1499,2.7705,-0.0203
"C339",76.3081,5.1976,52.8887,0.63,26.3784,0.2219,3.6016,2.5621,0.0991,1.2589,23.6686,0.5312,14.9129,0.468,82.0002,7.1661,0.0041
"C340",73.5269,-2.2832,52.0801,1.6403,26.0338,1.2535,3.5398,2.4486,0.1562,-0.7725,22.6156,0.4026,13.7759,0.7925,57.2101,-1.6163,0.1112
"C341",76.4652,4.079,53.9488,1.6977,27.0702,0.967,3.6184,2.5459,0.1776,1.5301,23.202,0.5429,14.3166,0.4692,89.4763,20.8101,0.5301
"C342",79.2768,13.7738,55.065,3.3214,27.6163,1.7051,3.5026,2.2785,-0.0528,3.1371,24.4554,1.3185,16.0116,1.4117,76.886,-15.3008,-0.2098
"C343",72.5706,-4.61,50.9752,-1.4142,25.3919,-0.7578,3.5142,2.2224,-0.1027,-1.4965,22.3744,-0.8483,13.3661,-1.0481,44.884,-20.3909,-0.4425
"C344",81.7304,13.934,54.7118,2.8102,27.1617,1.3158,3.4902,2.1913,-0.086,3.3619,23.6888,0.8063,14.4552,0.3338,56.3802,-11.8944,-0.0707
"C345",77.9828,12.59,52.3873,0.858,25.9051,0.0764,3.5232,2.3159,-0.0584,3.6367,22.5167,0.1417,12.8871,-0.7639,53.646,-16.2147,-0.1774
"C346",83.395,21.7172,56.9717,5.0938,28.5564,2.5633,3.5834,2.5626,0.1816,5.7295,25.9781,2.649,17.6243,2.8262,93.8779,9.2137,0.3201
"C347",81.7903,28.7564,56.9992,8.7548,28.7105,4.7359,3.5076,2.2877,-0.0955,7.2661,25.0983,2.9323,16.4912,2.9079,91.8706,23.6988,0.057
"C348",79.8475,18.933,56.5142,5.7447,28.5078,3.081,3.5076,2.2412,-0.0532,4.1678,24.1836,1.5194,15.5238,1.3908,76.0385,4.8108,0.2031
"C349",83.2598,25.0252,56.0972,8.0812,27.9907,4.5144,3.6712,2.7547,0.2236,5.7196,24.6591,2.7029,15.8583,2.9906,78.3573,14.5085,0.7641
"C350",81.0835,29.819,53.2607,6.9745,26.1774,3.4341,3.7242,2.8373,0.2342,7.3349,24.1816,3.0091,15.1442,2.9803,63.6441,1.344,0.686
"C351",76.1595,9.5242,53.7966,5.5577,26.9999,3.4303,3.6698,2.6318,0.1554,3.4253,24.9632,3.017,16.7085,3.8974,107.3268,46.0002,0.9276
"C352",73.8341,5.3588,52.1707,2.1207,26.0978,1.2053,3.5946,2.5353,-0.0169,0.892,22.6364,0.244,13.8784,0.2033,88.7867,17.6203,0.1596
"C353",76.2816,14.3254,53.3645,3.8218,26.5799,1.8794,3.6656,2.5848,0.0695,3.7281,24.3344,1.4643,15.7606,1.3331,117.5267,22.8397,0.669
"C354",78.4496,13.69,52.3471,2.1587,25.8182,0.8792,3.5776,2.4238,-0.0852,3.2036,24.0872,1.1313,15.2024,0.9605,76.2221,8.4471,-0.4085
"C355",81.9089,20.8332,55.8449,6.1442,27.919,3.2838,3.5514,2.3995,-0.0617,5.6986,25.3806,2.7649,16.8851,2.936,82.523,11.7482,-0.0203
"C356",75.2614,13.6894,52.2888,2.9605,26.0688,1.4508,3.5324,2.3346,-0.2237,4.532,23.2919,1.1837,14.2469,0.7683,78.6782,6.3173,-0.1616
"C357",69.1536,4.0872,50.2813,1.7128,25.203,0.9869,3.5772,2.3653,-0.1129,0.5161,22.6275,0.23,14.1363,0.1756,78.7368,5.0089,-0.1385
"C358",81.0582,17.3122,53.6113,3.6968,26.4748,1.7918,3.6566,2.4854,0.17,3.8927,24.1151,1.6744,15.1745,1.7378,89.5121,25.5831,0.5341
"C359",71.8801,5.7874,51.2136,3.1683,25.6038,1.9263,3.5306,2.2894,-0.1244,1.7967,23.0619,0.9609,14.1735,1.0381,66.9318,17.2161,0.2305
"C360",74.9379,17.905,51.7731,5.8253,25.7322,3.2488,3.506,2.2223,-0.0755,3.459,22.9242,1.7039,13.933,1.9734,59.674,10.9194,0.3072
"C361",79.2541,21.038,56.2653,8.4654,28.3829,4.822,3.5642,2.3939,-0.2043,3.5203,24.6933,2.4839,16.3632,3.0293,92.6464,26.3563,-0.2573
"C362",82.9178,18.5778,56.3694,5.0996,28.188,2.6949,3.5846,2.5009,0.1136,4.4816,24.5808,1.373,15.5692,1.1314,85.3201,15.0457,0.3344
"C363",78.4124,12.462,55.0128,4.4983,27.6262,2.5208,3.5848,2.5094,0.0997,3.2989,24.0689,2.0002,15.4553,2.3981,90.9004,38.3735,0.7036
"C364",74.0149,7.765,50.8661,1.4951,25.1861,0.6889,3.6304,2.5478,0.1258,1.1143,22.7432,0.5742,13.9268,0.7043,85.0766,18.5484,0.433
"C365",81.0994,18.3856,57.3723,4.8448,28.9707,2.5046,3.554,2.5005,0.0453,4.1442,24.8785,1.5202,16.4353,1.4664,89.094,12.9426,0.2962
"C366",75.156,3.4978,54.2834,1.7005,27.359,0.9609,3.643,2.5728,0.0148,0.6441,24.13,0.7612,15.7785,0.9562,106.5053,26.1151,0.3936
"C367",76.5291,14.0432,54.1742,3.5814,27.2172,1.8327,3.6094,2.5489,0.0821,3.75,23.8808,1.1828,15.264,0.995,96.9443,15.5208,0.443
"C368",84.9725,21.7368,57.2046,6.0166,28.5666,3.1785,3.6032,2.5885,0.1909,5.0306,24.6522,1.9173,15.8036,1.8862,83.8345,12.877,0.7597
"C370",76.3633,3.5796,54.2947,1.5812,27.303,0.9117,3.5284,2.3248,-0.0953,0.6947,24.0682,0.6141,15.5561,0.7644,72.7552,1.9242,-0.2534
"C371",82.879,22.9866,56.1074,4.254,27.9892,1.9189,3.5812,2.5716,0.1022,5.8773,23.8485,1.242,14.622,0.5936,81.1261,5.7093,0.4412
"C372",78.8052,6.8684,55.6125,3.173,27.9901,1.8549,3.5846,2.4516,0.225,1.7668,23.7472,0.8083,14.8653,0.8789,88.4835,21.4987,0.473
"C373",76.8474,9.7842,54.9103,4.3398,27.6728,2.5431,3.547,2.3792,0.0543,1.9805,24.124,1.5248,15.6287,1.9436,87.6571,34.8854,0.5377
"C374",79.43,20.9514,55.0443,6.5714,27.5869,3.6512,3.5158,2.1635,-0.0453,4.3759,23.8994,2.1809,15.092,2.5827,66.1533,14.3428,0.196
"C376",83.3643,15.8798,55.3787,4.6618,27.4675,2.5034,3.4828,2.0066,-0.2525,2.6318,23.5825,1.3702,14.208,1.5096,47.9282,-8.8012,-0.4161
"C377",83.5694,13.2232,52.4098,2.218,25.3449,0.9756,3.6128,2.4577,0.1427,3.0108,23.1151,1.1733,13.3481,1.1839,70.9744,14.9353,-0.1256
"C378",70.4061,-21.807,52.0392,-3.4967,26.2309,-1.4951,3.6172,2.4283,0.1094,-5.7096,22.3191,-1.2515,13.7342,-0.6591,89.4549,22.6409,0.1279
"C379",94.6311,31.8638,61.9611,8.0323,31.0013,4.1364,3.6348,2.5062,0.111,8.4228,26.3985,2.9864,17.3784,3.0802,86.508,15.9168,0.2533
"C380",79.9224,10.2456,55.286,3.3472,27.6995,1.8482,3.5918,2.4452,0.1412,2.3274,23.476,0.7347,14.4181,0.6732,83.7071,12.0826,0.236
"C381",79.6477,10.4252,51.1787,1.0214,24.8561,0.1937,3.6518,2.4598,0.1084,1.8582,21.9706,0.2567,12.1047,-0.0849,46.4308,-9.1263,-0.1253
"C382",80.4149,1.513,55.6714,3.5615,27.9221,2.4334,3.5664,2.3994,0.1747,1.226,24.3862,1.8986,15.6547,2.8179,79.388,24.8045,0.2497
"C383",87.0286,16.9844,57.725,3.8971,28.7546,1.9442,3.6248,2.5266,0.1714,3.6561,24.6138,1.0829,15.3207,0.9046,77.72,9.3884,0.4241
"C385",81.2311,13.855,55.8313,4.7332,27.9599,2.6301,3.5372,2.4245,0.1979,3.5739,24.5297,2.3438,15.8196,2.8736,72.0738,13.2046,0.2779
"C386",79.4193,-0.8926,50.4963,-3.5632,24.3627,-2.4954,3.5784,2.4393,0.182,0.1345,22.0211,-1.4763,11.6721,-2.5955,49.7396,-11.2925,-0.248
"C387",71.5104,-16.4858,50.2113,-3.3604,24.9618,-1.5924,3.5252,2.2521,0.0426,-3.8591,22.205,-0.9522,13.395,-0.5798,60.2797,-3.7521,-0.2134
"C388",77.5187,3.6912,53.7296,1.6142,26.8453,0.9517,3.5316,2.2571,0.1256,0.2284,22.8315,0.124,13.7792,0.1703,70.0607,8.6318,0.2933
"C390",77.5301,6.945,55.9928,6.0015,28.3181,3.7513,3.6536,2.5879,0.2426,1.5175,23.9771,2.2048,15.3692,3.1372,67.8132,39.2983,0.9609
"C391",77.8605,8.6368,50.6209,2.2983,24.6349,1.271,3.6448,2.446,0.0327,1.8751,22.3389,0.7368,12.5736,0.7107,56.8325,15.0066,0.4523
"C392",69.874,-7.818,50.8178,-1.1865,25.5053,-0.4222,3.6384,2.5293,0.1386,-2.8215,22.1983,-0.8637,13.526,-0.6176,81.8631,29.7238,0.858
"C393",70.4221,-5.391,52.1667,1.9463,26.3256,1.5146,3.674,2.6077,0.2225,-1.6605,22.8855,0.3332,14.2975,0.889,61.1797,15.2563,0.8682
"C394",71.6888,-7.1894,51.7243,-0.3354,25.9736,0.1141,3.7154,2.8676,0.3741,-2.4858,23.1203,0.0479,14.706,0.709,64.1428,7.7647,0.6545
"C395",80.8638,19.689,50.454,2.1659,24.13,0.4731,3.7016,2.6592,0.2094,5.0242,22.104,0.7297,11.5316,-0.3567,42.5991,1.2552,0.2652
"C396",77.0982,1.711,51.5879,1.347,25.4378,0.9546,3.7044,2.722,0.399,0.1789,22.469,0.321,13.0851,0.5496,66.3168,25.9464,0.8253
"C397",84.3121,18.3826,57.0348,5.0761,28.5315,2.7265,3.6672,2.6322,0.1787,4.0566,24.5479,1.3567,15.407,1.2922,77.8773,23.7589,0.8995
"C398",81.2994,10.599,53.0606,1.0086,25.8363,0.0301,3.7086,2.6278,0.2289,2.6643,22.6091,0.015,12.3011,-1.0984,65.0376,14.8274,1.0305
"C401",67.5559,-17.788,46.7952,-5.3951,22.9897,-2.8629,3.5694,2.3321,-0.0235,-4.0701,20.9591,-2.1987,11.4011,-2.5652,39.6506,-7.1683,-0.3061
"C402",83.6182,14.5612,57.0372,5.3346,28.588,3.0392,3.5042,2.2852,-0.0226,3.5321,24.5381,1.7205,15.542,1.8685,56.4913,6.6727,0.2226
"C403",71.9749,-2.5742,47.7354,-3.5948,23.1685,-2.3631,3.6326,2.4832,0.0783,-0.4268,21.3511,-0.9589,11.6945,-1.5085,58.9449,7.5402,0.4996
"C404",69.3618,-9.4978,50.0457,-1.6332,25.014,-0.682,3.689,2.7519,0.3403,-2.72,22.9294,-0.3346,14.4497,0.0995,81.0279,14.8197,1.0351
"C405",73.1407,1.7666,50.6365,0.3902,25.1179,0.2297,3.53,2.2128,-0.017,-0.9367,22.6007,0.2329,13.8505,0.5428,39.5642,-7.6515,0.1198
"C406",80.8792,7.2636,53.8117,1.8953,26.5903,0.9938,3.647,2.4786,0.3165,0.6602,23.3899,0.7474,14.2304,1.0694,71.7019,28.7291,0.991
"C407",79.376,16.6388,53.6323,5.7385,26.6266,3.2539,3.6192,2.4894,0.2602,3.313,23.0908,2.1992,13.9436,2.8875,46.7796,19.2258,0.8481
"C408",81.3257,17.4684,51.4119,3.4916,24.8479,1.652,3.6458,2.5072,0.2455,4.1635,22.3562,1.0789,12.0844,0.6681,47.7491,5.8176,0.6422
"C409",72.8015,7.5874,47.9592,1.2089,23.1972,0.4327,3.701,2.6316,0.3902,2.346,21.416,0.4241,11.2889,0.0676,49.0132,7.4582,0.4554
"C410",75.2566,9.4308,47.512,1.2868,22.5704,0.4006,3.6544,2.3781,0.0809,1.5757,20.8736,0.1522,10.2706,-0.4165,55.9934,15.1287,0.3326
"C411",74.1341,6.7042,51.7153,1.8085,25.7594,1.026,3.6458,2.4512,0.1766,1.0385,23.0374,0.8562,14.2319,1.2641,78.3367,27.1584,1.0586
"C412",86.5842,32.9352,57.4324,9.3095,28.606,4.989,3.6432,2.5186,0.2495,7.4433,24.4828,2.8113,15.0418,2.8091,70.9296,25.9674,1.0562
"C413",84.206,23.8468,55.1571,5.195,27.2036,2.5383,3.6998,2.8538,0.4763,5.2666,24.3736,2.1819,15.1564,2.3352,84.0644,28.6474,1.0534
"C414",79.9629,13.9668,49.4894,0.9221,23.5121,-0.1434,3.62,2.4847,0.2676,3.2165,21.4201,-0.1376,10.5537,-1.3626,45.5462,-0.438,0.4763
"C415",78.823,21.6094,49.7259,3.5352,23.8785,1.4157,3.691,2.6427,0.309,4.7134,21.9522,1.4586,11.8566,1.1441,48.9082,8.5254,1.1098
"C417",76.5612,12.6004,50.8833,1.6505,24.9685,0.631,3.5808,2.3987,0.1098,3.21,22.1996,0.7703,12.531,0.5038,51.6522,1.2086,0.1405
"C418",85.0765,27.9336,53.2491,3.6678,25.7824,1.2805,3.6534,2.5068,0.2113,6.8559,24.4096,2.0263,14.9596,1.7852,82.9615,17.7145,1.0061
"C419",76.2401,13.9672,49.9455,1.7967,24.2925,0.5984,3.5234,2.1423,0.0286,2.8959,22.2199,0.7328,12.5921,0.4603,39.6205,-6.634,0.1207
"C420",72.1376,2.614,48.399,0.4492,23.6616,0.2645,3.5478,2.2589,0.1145,-0.1759,21.3051,-0.1171,11.5474,-0.1366,29.7244,1.9259,0.1751
"C421",72.022,2.8852,48.8882,1.1839,24.0263,0.7459,3.5866,2.3506,0.0218,0.1134,21.4618,-0.0687,11.7855,-0.097,53.2755,8.9027,-0.105
"C422",77.012,3.5158,51.7757,1.2746,25.5643,0.7264,3.6052,2.3771,-0.1301,0.953,22.988,-0.0317,13.5117,-0.2994,54.936,-7.9006,-0.4824
"C423",82.4118,18.2418,53.8182,5.7409,26.4923,3.245,3.5924,2.419,-0.1787,3.3817,23.313,1.6026,13.8042,1.7427,66.2812,7.881,-0.4745
"C424",66.8063,-21.6726,50.0883,-3.333,25.2367,-1.3673,3.6218,2.5455,-0.0561,-7.0202,21.5634,-1.7759,13.0949,-1.1957,82.3723,13.1971,-0.1478
"C425",75.2322,3.401,53.0645,1.3056,26.5642,0.7533,3.5616,2.3324,-0.2427,0.514,23.3358,0.1655,14.5,0.1579,62.5273,-6.1863,-0.6709
"C426",75.1023,0.1402,52.7348,0.9206,26.3744,0.6315,3.6524,2.5188,-0.1591,0.6441,23.6206,0.4399,14.7442,0.5486,78.9809,6.0285,-0.1711
"C427",77.751,4.0434,51.2698,0.8504,25.1301,0.3972,3.5826,2.3211,-0.1965,0.7057,22.6788,0.132,13.288,-0.0026,68.7862,5.2664,-0.5379
"C428",77.9351,14.334,52.0791,4.0363,25.6955,2.1552,3.702,2.6864,0.0522,3.1124,22.9456,1.463,13.6654,1.5786,57.0166,-0.9016,-0.1488
"C429",74.8334,-2.3162,50.6601,0.6647,24.984,0.6173,3.6322,2.4639,-0.0436,-0.3005,21.9776,-0.2787,12.3412,-0.3928,68.4242,11.4795,-0.3059
"C430",64.2141,-23.969,48.2032,-3.7417,24.2044,-1.5316,3.6142,2.4272,-0.1129,-6.9052,21.1228,-2.1433,12.5376,-1.6272,77.7606,14.3674,-0.3012
"C431",70.5822,-6.5544,50.9738,-0.4596,25.5048,-0.0747,3.6322,2.5492,-0.0467,-2.6661,22.7999,-0.5725,14.2785,-0.2703,85.0167,2.2342,-0.0291
"C432",83.2293,22.4462,56.2778,6.2769,28.1167,3.3451,3.5454,2.346,-0.0682,5.1877,24.6241,2.148,15.747,2.2408,73.3561,9.5661,-0.1358
"C433",81.93,20.4518,56.2662,5.9411,28.2029,3.1898,3.596,2.4574,-0.0519,4.1181,24.2383,1.5308,15.3782,1.4946,80.4096,11.0636,0.1706
"C434",75.4558,-3.0806,49.3181,-2.3528,23.9182,-1.5618,3.548,2.2045,-0.142,-1.169,21.9837,-0.7671,12.3486,-1.011,49.3829,-10.1642,-0.6319
"C435",75.321,3.4812,50.5934,0.7916,24.8152,0.3406,3.4702,1.9215,-0.5233,-0.364,22.5294,0.1182,13.2862,0.2279,57.1661,11.8321,-0.4997
